observation_date,M13002US35620M156NNBR,TB3MS,GS10,CPIAUCNS
1857-01-01,8.81,,,
1857-02-01,8.81,,,
1857-03-01,9.25,,,
1857-04-01,9.00,,,
1857-05-01,8.19,,,
1857-06-01,7.90,,,
1857-07-01,8.50,,,
1857-08-01,10.00,,,
1857-09-01,18.00,,,
1857-10-01,24.00,,,
1857-11-01,11.50,,,
1857-12-01,8.00,,,
1858-01-01,7.50,,,
1858-02-01,5.75,,,
1858-03-01,5.50,,,
1858-04-01,5.19,,,
1858-05-01,3.64,,,
1858-06-01,4.31,,,
1858-07-01,3.71,,,
1858-08-01,4.05,,,
1858-09-01,4.44,,,
1858-10-01,4.40,,,
1858-11-01,4.69,,,
1858-12-01,4.62,,,
1859-01-01,4.62,,,
1859-02-01,5.50,,,
1859-03-01,5.17,,,
1859-04-01,5.28,,,
1859-05-01,6.47,,,
1859-06-01,6.89,,,
1859-07-01,6.62,,,
1859-08-01,7.04,,,
1859-09-01,6.54,,,
1859-10-01,6.75,,,
1859-11-01,6.19,,,
1859-12-01,6.75,,,
1860-01-01,8.00,,,
1860-02-01,7.10,,,
1860-03-01,5.90,,,
1860-04-01,5.60,,,
1860-05-01,5.80,,,
1860-06-01,5.50,,,
1860-07-01,5.40,,,
1860-08-01,6.10,,,
1860-09-01,7.00,,,
1860-10-01,6.80,,,
1860-11-01,11.10,,,
1860-12-01,12.90,,,
1861-01-01,8.00,,,
1861-02-01,7.30,,,
1861-03-01,6.10,,,
1861-04-01,6.20,,,
1861-05-01,8.10,,,
1861-06-01,6.50,,,
1861-07-01,5.50,,,
1861-08-01,6.50,,,
1861-09-01,6.30,,,
1861-10-01,6.80,,,
1861-11-01,6.30,,,
1861-12-01,7.00,,,
1862-01-01,6.30,,,
1862-02-01,5.90,,,
1862-03-01,6.30,,,
1862-04-01,6.10,,,
1862-05-01,5.00,,,
1862-06-01,4.50,,,
1862-07-01,5.50,,,
1862-08-01,4.50,,,
1862-09-01,5.00,,,
1862-10-01,4.50,,,
1862-11-01,4.70,,,
1862-12-01,5.50,,,
1863-01-01,5.30,,,
1863-02-01,5.70,,,
1863-03-01,5.30,,,
1863-04-01,5.30,,,
1863-05-01,5.20,,,
1863-06-01,5.40,,,
1863-07-01,5.60,,,
1863-08-01,5.30,,,
1863-09-01,5.60,,,
1863-10-01,5.70,,,
1863-11-01,6.60,,,
1863-12-01,6.80,,,
1864-01-01,7.30,,,
1864-02-01,6.50,,,
1864-03-01,5.60,,,
1864-04-01,6.70,,,
1864-05-01,6.90,,,
1864-06-01,6.80,,,
1864-07-01,6.50,,,
1864-08-01,7.70,,,
1864-09-01,9.00,,,
1864-10-01,9.20,,,
1864-11-01,8.30,,,
1864-12-01,7.80,,,
1865-01-01,8.00,,,
1865-02-01,8.50,,,
1865-03-01,9.00,,,
1865-04-01,8.50,,,
1865-05-01,7.20,,,
1865-06-01,6.70,,,
1865-07-01,7.30,,,
1865-08-01,7.70,,,
1865-09-01,7.10,,,
1865-10-01,7.60,,,
1865-11-01,8.00,,,
1865-12-01,7.80,,,
1866-01-01,7.37,,,
1866-02-01,7.28,,,
1866-03-01,7.32,,,
1866-04-01,6.69,,,
1866-05-01,6.05,,,
1866-06-01,5.56,,,
1866-07-01,5.89,,,
1866-08-01,5.89,,,
1866-09-01,5.25,,,
1866-10-01,5.45,,,
1866-11-01,6.69,,,
1866-12-01,6.88,,,
1867-01-01,7.40,,,
1867-02-01,7.06,,,
1867-03-01,7.19,,,
1867-04-01,7.17,,,
1867-05-01,6.67,,,
1867-06-01,7.38,,,
1867-07-01,6.55,,,
1867-08-01,6.50,,,
1867-09-01,7.12,,,
1867-10-01,8.40,,,
1867-11-01,8.56,,,
1867-12-01,7.94,,,
1868-01-01,7.06,,,
1868-02-01,6.50,,,
1868-03-01,7.67,,,
1868-04-01,8.00,,,
1868-05-01,6.62,,,
1868-06-01,5.72,,,
1868-07-01,6.50,,,
1868-08-01,6.62,,,
1868-09-01,6.75,,,
1868-10-01,7.44,,,
1868-11-01,10.00,,,
1868-12-01,8.25,,,
1869-01-01,8.31,,,
1869-02-01,7.69,,,
1869-03-01,9.40,,,
1869-04-01,9.88,,,
1869-05-01,7.81,,,
1869-06-01,9.65,,,
1869-07-01,10.25,,,
1869-08-01,9.56,,,
1869-09-01,10.94,,,
1869-10-01,10.38,,,
1869-11-01,11.94,,,
1869-12-01,10.17,,,
1870-01-01,9.00,,,
1870-02-01,7.38,,,
1870-03-01,7.50,,,
1870-04-01,7.19,,,
1870-05-01,6.38,,,
1870-06-01,5.46,,,
1870-07-01,6.38,,,
1870-08-01,7.18,,,
1870-09-01,7.25,,,
1870-10-01,7.28,,,
1870-11-01,7.25,,,
1870-12-01,8.75,,,
1871-01-01,7.22,,,
1871-02-01,6.62,,,
1871-03-01,6.25,,,
1871-04-01,6.78,,,
1871-05-01,5.50,,,
1871-06-01,5.06,,,
1871-07-01,4.90,,,
1871-08-01,5.52,,,
1871-09-01,6.66,,,
1871-10-01,10.03,,,
1871-11-01,9.28,,,
1871-12-01,9.94,,,
1872-01-01,8.30,,,
1872-02-01,7.56,,,
1872-03-01,8.62,,,
1872-04-01,8.66,,,
1872-05-01,7.20,,,
1872-06-01,6.00,,,
1872-07-01,6.45,,,
1872-08-01,7.56,,,
1872-09-01,10.00,,,
1872-10-01,10.80,,,
1872-11-01,11.62,,,
1872-12-01,10.83,,,
1873-01-01,9.28,,,
1873-02-01,9.38,,,
1873-03-01,10.12,,,
1873-04-01,11.40,,,
1873-05-01,8.12,,,
1873-06-01,6.83,,,
1873-07-01,6.44,,,
1873-08-01,7.06,,,
1873-09-01,14.28,,,
1873-10-01,16.50,,,
1873-11-01,14.50,,,
1873-12-01,9.80,,,
1874-01-01,7.44,,,
1874-02-01,6.00,,,
1874-03-01,6.14,,,
1874-04-01,6.25,,,
1874-05-01,5.66,,,
1874-06-01,5.56,,,
1874-07-01,5.61,,,
1874-08-01,5.44,,,
1874-09-01,6.25,,,
1874-10-01,5.81,,,
1874-11-01,5.62,,,
1874-12-01,6.00,,,
1875-01-01,5.25,,,
1875-02-01,5.19,,,
1875-03-01,5.90,,,
1875-04-01,5.44,,,
1875-05-01,4.56,,,
1875-06-01,4.55,,,
1875-07-01,4.31,,,
1875-08-01,4.94,,,
1875-09-01,5.89,,,
1875-10-01,6.31,,,
1875-11-01,6.39,,,
1875-12-01,6.61,,,
1876-01-01,6.44,,,
1876-02-01,5.33,,,
1876-03-01,5.39,,,
1876-04-01,5.50,,,
1876-05-01,5.05,,,
1876-06-01,4.75,,,
1876-07-01,3.81,,,
1876-08-01,3.60,,,
1876-09-01,4.75,,,
1876-10-01,5.67,,,
1876-11-01,5.44,,,
1876-12-01,5.88,,,
1877-01-01,5.55,,,
1877-02-01,4.50,,,
1877-03-01,4.44,,,
1877-04-01,4.38,,,
1877-05-01,4.00,,,
1877-06-01,4.06,,,
1877-07-01,4.14,,,
1877-08-01,5.64,,,
1877-09-01,6.38,,,
1877-10-01,7.25,,,
1877-11-01,6.19,,,
1877-12-01,5.62,,,
1878-01-01,5.85,,,
1878-02-01,5.31,,,
1878-03-01,5.12,,,
1878-04-01,5.36,,,
1878-05-01,4.53,,,
1878-06-01,3.81,,,
1878-07-01,3.60,,,
1878-08-01,3.81,,,
1878-09-01,4.62,,,
1878-10-01,5.45,,,
1878-11-01,5.12,,,
1878-12-01,5.06,,,
1879-01-01,4.33,,,
1879-02-01,3.81,,,
1879-03-01,5.06,,,
1879-04-01,5.45,,,
1879-05-01,4.44,,,
1879-06-01,4.25,,,
1879-07-01,3.90,,,
1879-08-01,5.56,,,
1879-09-01,5.78,,,
1879-10-01,5.94,,,
1879-11-01,6.25,,,
1879-12-01,5.95,,,
1880-01-01,5.38,,,
1880-02-01,5.31,,,
1880-03-01,5.50,,,
1880-04-01,5.50,,,
1880-05-01,5.19,,,
1880-06-01,4.55,,,
1880-07-01,4.44,,,
1880-08-01,5.03,,,
1880-09-01,5.25,,,
1880-10-01,5.12,,,
1880-11-01,5.44,,,
1880-12-01,6.00,,,
1881-01-01,5.25,,,
1881-02-01,5.38,,,
1881-03-01,5.55,,,
1881-04-01,5.19,,,
1881-05-01,4.06,,,
1881-06-01,3.50,,,
1881-07-01,4.00,,,
1881-08-01,4.95,,,
1881-09-01,5.69,,,
1881-10-01,6.25,,,
1881-11-01,6.30,,,
1881-12-01,6.25,,,
1882-01-01,5.50,,,
1882-02-01,5.47,,,
1882-03-01,5.64,,,
1882-04-01,5.06,,,
1882-05-01,4.85,,,
1882-06-01,5.12,,,
1882-07-01,4.62,,,
1882-08-01,5.65,,,
1882-09-01,6.75,,,
1882-10-01,6.67,,,
1882-11-01,6.50,,,
1882-12-01,5.88,,,
1883-01-01,5.50,,,
1883-02-01,5.38,,,
1883-03-01,6.38,,,
1883-04-01,5.81,,,
1883-05-01,5.35,,,
1883-06-01,5.50,,,
1883-07-01,4.78,,,
1883-08-01,5.61,,,
1883-09-01,6.00,,,
1883-10-01,6.00,,,
1883-11-01,5.69,,,
1883-12-01,5.50,,,
1884-01-01,4.89,,,
1884-02-01,4.75,,,
1884-03-01,4.62,,,
1884-04-01,4.72,,,
1884-05-01,5.06,,,
1884-06-01,5.75,,,
1884-07-01,5.95,,,
1884-08-01,5.50,,,
1884-09-01,5.50,,,
1884-10-01,5.50,,,
1884-11-01,5.19,,,
1884-12-01,5.00,,,
1885-01-01,4.69,,,
1885-02-01,4.50,,,
1885-03-01,4.47,,,
1885-04-01,3.97,,,
1885-05-01,3.68,,,
1885-06-01,3.55,,,
1885-07-01,3.50,,,
1885-08-01,3.68,,,
1885-09-01,3.75,,,
1885-10-01,4.00,,,
1885-11-01,4.44,,,
1885-12-01,4.50,,,
1886-01-01,4.31,,,
1886-02-01,3.90,,,
1886-03-01,3.87,,,
1886-04-01,4.25,,,
1886-05-01,4.06,,,
1886-06-01,3.85,,,
1886-07-01,3.94,,,
1886-08-01,5.19,,,
1886-09-01,5.81,,,
1886-10-01,6.06,,,
1886-11-01,5.92,,,
1886-12-01,5.97,,,
1887-01-01,5.50,,,
1887-02-01,4.81,,,
1887-03-01,5.35,,,
1887-04-01,5.38,,,
1887-05-01,5.21,,,
1887-06-01,5.13,,,
1887-07-01,6.19,,,
1887-08-01,6.35,,,
1887-09-01,6.94,,,
1887-10-01,6.38,,,
1887-11-01,5.75,,,
1887-12-01,6.00,,,
1888-01-01,5.60,,,
1888-02-01,4.85,,,
1888-03-01,5.22,,,
1888-04-01,5.40,,,
1888-05-01,4.82,,,
1888-06-01,4.25,,,
1888-07-01,4.08,,,
1888-08-01,4.36,,,
1888-09-01,5.28,,,
1888-10-01,5.07,,,
1888-11-01,4.75,,,
1888-12-01,4.97,,,
1889-01-01,4.65,,,
1889-02-01,4.25,,,
1889-03-01,4.50,,,
1889-04-01,4.29,,,
1889-05-01,3.85,,,
1889-06-01,3.88,,,
1889-07-01,4.40,,,
1889-08-01,5.16,,,
1889-09-01,5.28,,,
1889-10-01,6.00,,,
1889-11-01,6.00,,,
1889-12-01,6.09,,,
1890-01-01,5.35,,,
1890-02-01,5.03,,,
1890-03-01,5.50,,,
1890-04-01,5.11,,,
1890-05-01,5.06,,,
1890-06-01,5.00,,,
1890-07-01,5.05,,,
1890-08-01,5.59,,,
1890-09-01,5.75,,,
1890-10-01,5.90,,,
1890-11-01,6.75,,,
1890-12-01,7.33,,,
1891-01-01,5.83,,,
1891-02-01,5.00,,,
1891-03-01,5.25,,,
1891-04-01,5.08,,,
1891-05-01,5.38,,,
1891-06-01,5.50,,,
1891-07-01,5.60,,,
1891-08-01,5.75,,,
1891-09-01,5.78,,,
1891-10-01,5.58,,,
1891-11-01,5.06,,,
1891-12-01,4.83,,,
1892-01-01,4.16,,,
1892-02-01,3.69,,,
1892-03-01,3.98,,,
1892-04-01,3.47,,,
1892-05-01,3.16,,,
1892-06-01,2.95,,,
1892-07-01,3.47,,,
1892-08-01,3.96,,,
1892-09-01,4.71,,,
1892-10-01,5.16,,,
1892-11-01,5.14,,,
1892-12-01,5.50,,,
1893-01-01,5.10,,,
1893-02-01,4.97,,,
1893-03-01,6.80,,,
1893-04-01,5.75,,,
1893-05-01,6.69,,,
1893-06-01,8.47,,,
1893-07-01,10.88,,,
1893-08-01,10.60,,,
1893-09-01,8.28,,,
1893-10-01,5.91,,,
1893-11-01,4.38,,,
1893-12-01,3.66,,,
1894-01-01,3.48,,,
1894-02-01,3.30,,,
1894-03-01,3.03,,,
1894-04-01,3.10,,,
1894-05-01,2.93,,,
1894-06-01,2.91,,,
1894-07-01,3.00,,,
1894-08-01,3.07,,,
1894-09-01,3.28,,,
1894-10-01,2.76,,,
1894-11-01,2.79,,,
1894-12-01,2.88,,,
1895-01-01,3.10,,,
1895-02-01,3.62,,,
1895-03-01,3.91,,,
1895-04-01,3.97,,,
1895-05-01,2.77,,,
1895-06-01,2.62,,,
1895-07-01,2.94,,,
1895-08-01,3.47,,,
1895-09-01,4.03,,,
1895-10-01,4.78,,,
1895-11-01,4.13,,,
1895-12-01,4.75,,,
1896-01-01,6.00,,,
1896-02-01,5.81,,,
1896-03-01,5.22,,,
1896-04-01,5.27,,,
1896-05-01,4.53,,,
1896-06-01,4.25,,,
1896-07-01,5.05,,,
1896-08-01,7.81,,,
1896-09-01,8.30,,,
1896-10-01,8.36,,,
1896-11-01,5.34,,,
1896-12-01,3.73,,,
1897-01-01,3.31,,,
1897-02-01,3.00,,,
1897-03-01,3.33,,,
1897-04-01,3.53,,,
1897-05-01,3.53,,,
1897-06-01,3.12,,,
1897-07-01,3.40,,,
1897-08-01,3.72,,,
1897-09-01,4.10,,,
1897-10-01,4.19,,,
1897-11-01,3.38,,,
1897-12-01,3.42,,,
1898-01-01,3.25,,,
1898-02-01,3.12,,,
1898-03-01,4.65,,,
1898-04-01,5.75,,,
1898-05-01,4.65,,,
1898-06-01,3.24,,,
1898-07-01,3.66,,,
1898-08-01,3.64,,,
1898-09-01,4.11,,,
1898-10-01,3.41,,,
1898-11-01,3.30,,,
1898-12-01,3.03,,,
1899-01-01,2.90,,,
1899-02-01,3.05,,,
1899-03-01,3.86,,,
1899-04-01,3.69,,,
1899-05-01,3.60,,,
1899-06-01,3.31,,,
1899-07-01,3.66,,,
1899-08-01,4.35,,,
1899-09-01,4.94,,,
1899-10-01,5.19,,,
1899-11-01,5.42,,,
1899-12-01,5.88,,,
1900-01-01,4.93,,,
1900-02-01,4.40,,,
1900-03-01,4.88,,,
1900-04-01,4.25,,,
1900-05-01,3.70,,,
1900-06-01,3.68,,,
1900-07-01,4.03,,,
1900-08-01,4.19,,,
1900-09-01,4.34,,,
1900-10-01,5.05,,,
1900-11-01,4.40,,,
1900-12-01,4.75,,,
1901-01-01,4.03,,,
1901-02-01,3.69,,,
1901-03-01,3.75,,,
1901-04-01,3.97,,,
1901-05-01,3.97,,,
1901-06-01,3.94,,,
1901-07-01,4.30,,,
1901-08-01,4.50,,,
1901-09-01,4.94,,,
1901-10-01,4.65,,,
1901-11-01,4.72,,,
1901-12-01,4.94,,,
1902-01-01,4.50,,,
1902-02-01,4.00,,,
1902-03-01,4.34,,,
1902-04-01,4.48,,,
1902-05-01,4.53,,,
1902-06-01,4.44,,,
1902-07-01,4.62,,,
1902-08-01,4.84,,,
1902-09-01,5.61,,,
1902-10-01,5.94,,,
1902-11-01,5.75,,,
1902-12-01,6.00,,,
1903-01-01,5.12,,,
1903-02-01,4.84,,,
1903-03-01,5.61,,,
1903-04-01,5.22,,,
1903-05-01,4.75,,,
1903-06-01,5.08,,,
1903-07-01,5.44,,,
1903-08-01,5.94,,,
1903-09-01,6.00,,,
1903-10-01,5.84,,,
1903-11-01,5.97,,,
1903-12-01,5.85,,,
1904-01-01,4.88,,,
1904-02-01,4.78,,,
1904-03-01,4.68,,,
1904-04-01,4.06,,,
1904-05-01,3.92,,,
1904-06-01,3.61,,,
1904-07-01,3.53,,,
1904-08-01,3.88,,,
1904-09-01,4.31,,,
1904-10-01,4.40,,,
1904-11-01,4.13,,,
1904-12-01,4.28,,,
1905-01-01,3.97,,,
1905-02-01,3.83,,,
1905-03-01,3.93,,,
1905-04-01,3.97,,,
1905-05-01,3.98,,,
1905-06-01,3.75,,,
1905-07-01,4.12,,,
1905-08-01,4.20,,,
1905-09-01,4.72,,,
1905-10-01,4.95,,,
1905-11-01,5.58,,,
1905-12-01,5.81,,,
1906-01-01,5.05,,,
1906-02-01,5.03,,,
1906-03-01,5.28,,,
1906-04-01,5.44,,,
1906-05-01,5.32,,,
1906-06-01,5.25,,,
1906-07-01,5.46,,,
1906-08-01,5.96,,,
1906-09-01,6.56,,,
1906-10-01,6.30,,,
1906-11-01,6.25,,,
1906-12-01,6.25,,,
1907-01-01,6.15,,,
1907-02-01,5.94,,,
1907-03-01,6.18,,,
1907-04-01,5.94,,,
1907-05-01,5.47,,,
1907-06-01,5.44,,,
1907-07-01,5.75,,,
1907-08-01,6.25,,,
1907-09-01,6.81,,,
1907-10-01,7.10,,,
1907-11-01,7.25,,,
1907-12-01,7.83,,,
1908-01-01,6.47,,,
1908-02-01,5.06,,,
1908-03-01,5.68,,,
1908-04-01,4.46,,,
1908-05-01,3.94,,,
1908-06-01,3.64,,,
1908-07-01,3.75,,,
1908-08-01,3.60,,,
1908-09-01,3.93,,,
1908-10-01,4.06,,,
1908-11-01,4.03,,,
1908-12-01,3.85,,,
1909-01-01,3.72,,,
1909-02-01,3.53,,,
1909-03-01,3.50,,,
1909-04-01,3.50,,,
1909-05-01,3.44,,,
1909-06-01,3.25,,,
1909-07-01,3.38,,,
1909-08-01,4.04,,,
1909-09-01,4.18,,,
1909-10-01,5.03,,,
1909-11-01,5.05,,,
1909-12-01,5.11,,,
1910-01-01,4.75,,,
1910-02-01,4.44,,,
1910-03-01,4.50,,,
1910-04-01,4.75,,,
1910-05-01,4.75,,,
1910-06-01,4.92,,,
1910-07-01,5.38,,,
1910-08-01,5.43,,,
1910-09-01,5.53,,,
1910-10-01,5.56,,,
1910-11-01,5.50,,,
1910-12-01,4.66,,,
1911-01-01,3.99,,,
1911-02-01,4.06,,,
1911-03-01,3.90,,,
1911-04-01,3.65,,,
1911-05-01,3.62,,,
1911-06-01,3.68,,,
1911-07-01,3.78,,,
1911-08-01,4.19,,,
1911-09-01,4.53,,,
1911-10-01,4.36,,,
1911-11-01,3.94,,,
1911-12-01,4.62,,,
1912-01-01,3.90,,,
1912-02-01,3.75,,,
1912-03-01,4.19,,,
1912-04-01,4.14,,,
1912-05-01,4.19,,,
1912-06-01,4.00,,,
1912-07-01,4.52,,,
1912-08-01,5.00,,,
1912-09-01,5.56,,,
1912-10-01,5.93,,,
1912-11-01,5.72,,,
1912-12-01,6.00,,,
1913-01-01,4.81,,,9.800
1913-02-01,4.90,,,9.800
1913-03-01,5.76,,,9.800
1913-04-01,5.52,,,9.800
1913-05-01,5.35,,,9.700
1913-06-01,5.88,,,9.800
1913-07-01,6.04,,,9.900
1913-08-01,6.00,,,9.900
1913-09-01,5.81,,,10.000
1913-10-01,5.66,,,10.000
1913-11-01,5.56,,,10.100
1913-12-01,5.69,,,10.000
1914-01-01,4.53,,,10.000
1914-02-01,3.85,,,9.900
1914-03-01,3.84,,,9.900
1914-04-01,3.74,,,9.800
1914-05-01,3.88,,,9.900
1914-06-01,3.86,,,9.900
1914-07-01,4.44,,,10.000
1914-08-01,6.34,,,10.200
1914-09-01,6.70,,,10.200
1914-10-01,6.44,,,10.100
1914-11-01,5.50,,,10.200
1914-12-01,4.35,,,10.100
1915-01-01,3.85,,,10.100
1915-02-01,3.75,,,10.000
1915-03-01,3.38,,,9.900
1915-04-01,3.66,,,10.000
1915-05-01,3.72,,,10.100
1915-06-01,3.65,,,10.100
1915-07-01,3.25,,,10.100
1915-08-01,3.53,,,10.100
1915-09-01,3.28,,,10.100
1915-10-01,3.22,,,10.200
1915-11-01,2.99,,,10.300
1915-12-01,3.09,,,10.300
1916-01-01,3.12,,,10.400
1916-02-01,3.12,,,10.400
1916-03-01,3.12,,,10.500
1916-04-01,3.12,,,10.600
1916-05-01,3.12,,,10.700
1916-06-01,3.62,,,10.800
1916-07-01,3.97,,,10.800
1916-08-01,3.72,,,10.900
1916-09-01,3.38,,,11.100
1916-10-01,3.38,,,11.300
1916-11-01,3.49,,,11.500
1916-12-01,3.91,,,11.600
1917-01-01,3.55,,,11.700
1917-02-01,4.09,,,12.000
1917-03-01,4.12,,,12.000
1917-04-01,4.28,,,12.600
1917-05-01,4.83,,,12.800
1917-06-01,5.00,,,13.000
1917-07-01,4.68,,,12.800
1917-08-01,4.79,,,13.000
1917-09-01,5.18,,,13.300
1917-10-01,5.38,,,13.500
1917-11-01,5.44,,,13.500
1917-12-01,5.50,,,13.700
1918-01-01,5.57,,,14.000
1918-02-01,5.68,,,14.100
1918-03-01,5.88,,,14.000
1918-04-01,5.91,,,14.200
1918-05-01,5.88,,,14.500
1918-06-01,5.88,,,14.700
1918-07-01,5.88,,,15.100
1918-08-01,5.94,,,15.400
1918-09-01,6.00,,,15.700
1918-10-01,6.00,,,16.000
1918-11-01,5.97,,,16.300
1918-12-01,5.81,,,16.500
1919-01-01,5.25,,,16.500
1919-02-01,5.18,,,16.200
1919-03-01,5.38,,,16.400
1919-04-01,5.38,,,16.700
1919-05-01,5.38,,,16.900
1919-06-01,5.53,,,16.900
1919-07-01,5.43,,,17.400
1919-08-01,5.38,,,17.700
1919-09-01,5.38,,,17.800
1919-10-01,5.38,,,18.100
1919-11-01,5.50,,,18.500
1919-12-01,5.88,,,18.900
1920-01-01,6.00,,,19.300
1920-02-01,6.40,,,19.500
1920-03-01,6.67,,,19.700
1920-04-01,6.82,,,20.300
1920-05-01,7.16,,,20.600
1920-06-01,7.72,,,20.900
1920-07-01,7.84,,,20.800
1920-08-01,8.00,,,20.300
1920-09-01,7.97,,,20.000
1920-10-01,8.00,,,19.900
1920-11-01,7.93,,,19.800
1920-12-01,7.88,,,19.400
1921-01-01,7.82,,,19.000
1921-02-01,7.75,,,18.400
1921-03-01,7.62,,,18.300
1921-04-01,7.56,,,18.100
1921-05-01,6.93,,,17.700
1921-06-01,6.71,,,17.600
1921-07-01,6.28,,,17.700
1921-08-01,5.95,,,17.700
1921-09-01,5.88,,,17.500
1921-10-01,5.62,,,17.500
1921-11-01,5.17,,,17.400
1921-12-01,5.12,,,17.300
1922-01-01,4.91,,,16.900
1922-02-01,4.88,,,16.900
1922-03-01,4.79,,,16.700
1922-04-01,4.56,,,16.700
1922-05-01,4.28,,,16.700
1922-06-01,4.03,,,16.700
1922-07-01,3.94,,,16.800
1922-08-01,3.88,,,16.600
1922-09-01,4.19,,,16.600
1922-10-01,4.39,,,16.700
1922-11-01,4.61,,,16.800
1922-12-01,4.62,,,16.900
1923-01-01,4.62,,,16.800
1923-02-01,4.68,,,16.800
1923-03-01,5.03,,,16.800
1923-04-01,5.12,,,16.900
1923-05-01,5.12,,,16.900
1923-06-01,4.91,,,17.000
1923-07-01,4.95,,,17.200
1923-08-01,5.03,,,17.100
1923-09-01,5.12,,,17.200
1923-10-01,5.12,,,17.300
1923-11-01,5.09,,,17.300
1923-12-01,4.88,,,17.300
1924-01-01,4.88,,,17.300
1924-02-01,4.78,,,17.200
1924-03-01,4.62,,,17.100
1924-04-01,4.62,,,17.000
1924-05-01,4.19,,,17.000
1924-06-01,3.97,,,17.000
1924-07-01,3.52,,,17.100
1924-08-01,3.25,,,17.000
1924-09-01,3.12,,,17.100
1924-10-01,3.12,,,17.200
1924-11-01,3.22,,,17.200
1924-12-01,3.55,,,17.300
1925-01-01,3.62,,,17.300
1925-02-01,3.62,,,17.200
1925-03-01,3.91,,,17.300
1925-04-01,3.93,,,17.200
1925-05-01,3.88,,,17.300
1925-06-01,3.88,,,17.500
1925-07-01,3.90,,,17.700
1925-08-01,3.97,,,17.700
1925-09-01,4.15,,,17.700
1925-10-01,4.38,,,17.700
1925-11-01,4.38,,,18.000
1925-12-01,4.38,,,17.900
1926-01-01,4.35,,,17.900
1926-02-01,4.15,,,17.900
1926-03-01,4.28,,,17.800
1926-04-01,4.19,,,17.900
1926-05-01,4.03,,,17.800
1926-06-01,3.88,,,17.700
1926-07-01,3.94,,,17.500
1926-08-01,4.22,,,17.400
1926-09-01,4.40,,,17.500
1926-10-01,4.53,,,17.600
1926-11-01,4.43,,,17.700
1926-12-01,4.40,,,17.700
1927-01-01,4.19,,,17.500
1927-02-01,3.91,,,17.400
1927-03-01,4.00,,,17.300
1927-04-01,4.09,,,17.300
1927-05-01,4.12,,,17.400
1927-06-01,4.12,,,17.600
1927-07-01,4.06,,,17.300
1927-08-01,3.90,,,17.200
1927-09-01,3.91,,,17.300
1927-10-01,4.00,,,17.400
1927-11-01,3.93,,,17.300
1927-12-01,3.97,,,17.300
1928-01-01,3.88,,,17.300
1928-02-01,3.99,,,17.100
1928-03-01,4.19,,,17.100
1928-04-01,4.31,,,17.100
1928-05-01,4.55,,,17.200
1928-06-01,4.72,,,17.100
1928-07-01,5.09,,,17.100
1928-08-01,5.42,,,17.100
1928-09-01,5.59,,,17.300
1928-10-01,5.51,,,17.200
1928-11-01,5.38,,,17.200
1928-12-01,5.44,,,17.100
1929-01-01,5.50,,,17.100
1929-02-01,5.56,,,17.100
1929-03-01,5.69,,,17.000
1929-04-01,5.88,,,16.900
1929-05-01,6.00,,,17.000
1929-06-01,6.00,,,17.100
1929-07-01,6.00,,,17.300
1929-08-01,6.08,,,17.300
1929-09-01,6.12,,,17.300
1929-10-01,6.12,,,17.300
1929-11-01,5.41,,,17.300
1929-12-01,5.00,,,17.200
1930-01-01,4.90,,,17.100
1930-02-01,4.62,,,17.000
1930-03-01,4.10,,,16.900
1930-04-01,3.88,,,17.000
1930-05-01,3.68,,,16.900
1930-06-01,3.44,,,16.800
1930-07-01,3.15,,,16.600
1930-08-01,3.00,,,16.500
1930-09-01,3.00,,,16.600
1930-10-01,3.00,,,16.500
1930-11-01,2.97,,,16.400
1930-12-01,2.85,,,16.100
1931-01-01,2.82,,,15.900
1931-02-01,2.50,,,15.700
1931-03-01,2.53,,,15.600
1931-04-01,2.40,,,15.500
1931-05-01,2.12,,,15.300
1931-06-01,2.12,,,15.100
1931-07-01,1.95,,,15.100
1931-08-01,1.88,,,15.100
1931-09-01,1.88,,,15.000
1931-10-01,3.35,,,14.900
1931-11-01,4.00,,,14.700
1931-12-01,4.00,,,14.600
1932-01-01,4.00,,,14.300
1932-02-01,3.88,,,14.100
1932-03-01,3.52,,,14.000
1932-04-01,3.38,,,13.900
1932-05-01,3.00,,,13.700
1932-06-01,2.78,,,13.600
1932-07-01,2.56,,,13.600
1932-08-01,2.18,,,13.500
1932-09-01,2.12,,,13.400
1932-10-01,1.94,,,13.300
1932-11-01,1.74,,,13.200
1932-12-01,1.51,,,13.100
1933-01-01,1.38,,,12.900
1933-02-01,1.38,,,12.700
1933-03-01,2.78,,,12.600
1933-04-01,2.56,,,12.600
1933-05-01,2.08,,,12.600
1933-06-01,1.69,,,12.700
1933-07-01,1.50,,,13.100
1933-08-01,1.50,,,13.200
1933-09-01,1.25,,,13.200
1933-10-01,1.25,,,13.200
1933-11-01,1.25,,,13.200
1933-12-01,1.41,,,13.200
1934-01-01,1.25,0.72,,13.200
1934-02-01,1.22,0.62,,13.300
1934-03-01,1.00,0.24,,13.300
1934-04-01,1.00,0.15,,13.300
1934-05-01,0.90,0.16,,13.300
1934-06-01,0.75,0.15,,13.400
1934-07-01,0.75,0.15,,13.400
1934-08-01,0.75,0.19,,13.400
1934-09-01,0.75,0.21,,13.600
1934-10-01,0.75,0.27,,13.500
1934-11-01,0.75,0.25,,13.500
1934-12-01,0.75,0.23,,13.400
1935-01-01,0.75,0.20,,13.600
1935-02-01,0.75,0.19,,13.700
1935-03-01,0.75,0.15,,13.700
1935-04-01,0.75,0.15,,13.800
1935-05-01,0.75,0.15,,13.800
1935-06-01,0.75,0.15,,13.700
1935-07-01,0.75,0.15,,13.700
1935-08-01,0.75,0.16,,13.700
1935-09-01,0.75,0.20,,13.700
1935-10-01,0.75,0.20,,13.700
1935-11-01,0.75,0.16,,13.800
1935-12-01,0.75,0.15,,13.800
1936-01-01,0.75,0.20,,13.800
1936-02-01,0.75,0.20,,13.800
1936-03-01,0.75,0.20,,13.700
1936-04-01,0.75,0.20,,13.700
1936-05-01,0.75,0.20,,13.700
1936-06-01,0.75,0.20,,13.800
1936-07-01,0.75,0.15,,13.900
1936-08-01,0.75,0.20,,14.000
1936-09-01,0.75,0.16,,14.000
1936-10-01,0.75,0.13,,14.000
1936-11-01,0.75,0.11,,14.000
1936-12-01,0.75,0.12,,14.000
1937-01-01,0.75,0.17,,14.100
1937-02-01,0.75,0.15,,14.100
1937-03-01,0.83,0.38,,14.200
1937-04-01,1.00,0.56,,14.300
1937-05-01,1.00,0.41,,14.400
1937-06-01,1.00,0.36,,14.400
1937-07-01,1.00,0.28,,14.500
1937-08-01,1.00,0.29,,14.500
1937-09-01,1.00,0.31,,14.600
1937-10-01,1.00,0.20,,14.600
1937-11-01,1.00,0.09,,14.500
1937-12-01,1.00,0.11,,14.400
1938-01-01,1.00,0.10,,14.200
1938-02-01,1.06,0.08,,14.100
1938-03-01,1.00,0.08,,14.100
1938-04-01,0.88,0.09,,14.200
1938-05-01,0.88,0.05,,14.100
1938-06-01,0.88,0.05,,14.100
1938-07-01,0.88,0.07,,14.100
1938-08-01,0.88,0.06,,14.100
1938-09-01,0.75,0.08,,14.100
1938-10-01,0.69,0.05,,14.000
1938-11-01,0.69,0.04,,14.000
1938-12-01,0.69,0.03,,14.000
1939-01-01,0.69,0.03,,14.000
1939-02-01,0.69,0.03,,13.900
1939-03-01,0.69,0.03,,13.900
1939-04-01,0.69,0.03,,13.800
1939-05-01,0.69,0.03,,13.800
1939-06-01,0.69,0.03,,13.800
1939-07-01,0.69,0.04,,13.800
1939-08-01,0.69,0.05,,13.800
1939-09-01,0.78,0.14,,14.100
1939-10-01,0.78,0.05,,14.000
1939-11-01,0.81,0.05,,14.000
1939-12-01,0.81,0.04,,14.000
1940-01-01,0.81,0.01,,13.900
1940-02-01,0.81,0.02,,14.000
1940-03-01,0.81,0.02,,14.000
1940-04-01,0.81,0.02,,14.000
1940-05-01,0.81,0.06,,14.000
1940-06-01,0.81,0.10,,14.100
1940-07-01,0.81,0.05,,14.000
1940-08-01,0.81,0.04,,14.000
1940-09-01,0.81,0.05,,14.000
1940-10-01,0.81,0.02,,14.000
1940-11-01,0.81,0.02,,14.000
1940-12-01,0.81,0.02,,14.100
1941-01-01,0.81,0.02,,14.100
1941-02-01,0.69,0.04,,14.100
1941-03-01,0.69,0.11,,14.200
1941-04-01,0.69,0.10,,14.300
1941-05-01,0.69,0.11,,14.400
1941-06-01,0.69,0.12,,14.700
1941-07-01,0.69,0.12,,14.700
1941-08-01,0.69,0.13,,14.900
1941-09-01,0.69,0.10,,15.100
1941-10-01,0.69,0.09,,15.300
1941-11-01,0.69,0.28,,15.400
1941-12-01,0.69,0.33,,15.500
1942-01-01,0.69,0.27,,15.700
1942-02-01,0.69,0.25,,15.800
1942-03-01,0.69,0.25,,16.000
1942-04-01,0.69,0.32,,16.100
1942-05-01,0.69,0.37,,16.300
1942-06-01,0.69,0.37,,16.300
1942-07-01,0.69,0.38,,16.400
1942-08-01,0.69,0.38,,16.500
1942-09-01,0.69,0.38,,16.500
1942-10-01,0.69,0.38,,16.700
1942-11-01,0.69,0.38,,16.800
1942-12-01,0.69,0.38,,16.900
1943-01-01,0.69,0.38,,16.900
1943-02-01,0.69,0.38,,16.900
1943-03-01,0.69,0.38,,17.200
1943-04-01,0.69,0.38,,17.400
1943-05-01,0.69,0.38,,17.500
1943-06-01,0.69,0.38,,17.500
1943-07-01,0.69,0.38,,17.400
1943-08-01,0.69,0.38,,17.300
1943-09-01,0.69,0.38,,17.400
1943-10-01,0.69,0.38,,17.400
1943-11-01,0.69,0.38,,17.400
1943-12-01,0.69,0.38,,17.400
1944-01-01,0.69,0.38,,17.400
1944-02-01,0.69,0.38,,17.400
1944-03-01,0.69,0.38,,17.400
1944-04-01,0.72,0.38,,17.500
1944-05-01,0.75,0.38,,17.500
1944-06-01,0.75,0.38,,17.600
1944-07-01,0.75,0.38,,17.700
1944-08-01,0.75,0.38,,17.700
1944-09-01,0.75,0.38,,17.700
1944-10-01,0.75,0.38,,17.700
1944-11-01,0.75,0.38,,17.700
1944-12-01,0.75,0.38,,17.800
1945-01-01,0.75,0.38,,17.800
1945-02-01,0.75,0.38,,17.800
1945-03-01,0.75,0.38,,17.800
1945-04-01,0.75,0.38,,17.800
1945-05-01,0.75,0.38,,17.900
1945-06-01,0.75,0.38,,18.100
1945-07-01,0.75,0.38,,18.100
1945-08-01,0.75,0.38,,18.100
1945-09-01,0.75,0.38,,18.100
1945-10-01,0.75,0.38,,18.100
1945-11-01,0.75,0.38,,18.100
1945-12-01,0.75,0.38,,18.200
1946-01-01,0.75,0.38,,18.200
1946-02-01,0.75,0.38,,18.100
1946-03-01,0.75,0.38,,18.300
1946-04-01,0.75,0.38,,18.400
1946-05-01,0.75,0.38,,18.500
1946-06-01,0.75,0.38,,18.700
1946-07-01,0.77,0.38,,19.800
1946-08-01,0.81,0.38,,20.200
1946-09-01,0.81,0.38,,20.400
1946-10-01,0.89,0.38,,20.800
1946-11-01,0.94,0.38,,21.300
1946-12-01,1.00,0.38,,21.500
1947-01-01,1.00,0.38,,21.500
1947-02-01,1.00,0.38,,21.500
1947-03-01,1.00,0.38,,21.900
1947-04-01,1.00,0.38,,21.900
1947-05-01,1.00,0.38,,21.900
1947-06-01,1.00,0.38,,22.000
1947-07-01,1.00,0.66,,22.200
1947-08-01,1.00,0.75,,22.500
1947-09-01,1.02,0.80,,23.000
1947-10-01,1.06,0.85,,23.000
1947-11-01,1.10,0.92,,23.100
1947-12-01,1.22,0.95,,23.400
1948-01-01,1.30,0.97,,23.700
1948-02-01,1.38,1.00,,23.500
1948-03-01,1.38,1.00,,23.400
1948-04-01,1.38,1.00,,23.800
1948-05-01,1.38,1.00,,23.900
1948-06-01,1.38,1.00,,24.100
1948-07-01,1.38,1.00,,24.400
1948-08-01,1.47,1.06,,24.500
1948-09-01,1.54,1.09,,24.500
1948-10-01,1.56,1.12,,24.400
1948-11-01,1.56,1.14,,24.200
1948-12-01,1.56,1.16,,24.100
1949-01-01,1.56,1.17,,24.000
1949-02-01,1.56,1.17,,23.800
1949-03-01,1.56,1.17,,23.800
1949-04-01,1.56,1.17,,23.900
1949-05-01,1.56,1.17,,23.800
1949-06-01,1.56,1.17,,23.900
1949-07-01,1.56,1.02,,23.700
1949-08-01,1.43,1.04,,23.800
1949-09-01,1.38,1.07,,23.900
1949-10-01,1.38,1.05,,23.700
1949-11-01,1.38,1.08,,23.800
1949-12-01,1.33,1.10,,23.600
1950-01-01,1.31,1.07,,23.500
1950-02-01,1.31,1.12,,23.500
1950-03-01,1.31,1.12,,23.600
1950-04-01,1.31,1.15,,23.600
1950-05-01,1.31,1.16,,23.700
1950-06-01,1.31,1.15,,23.800
1950-07-01,1.31,1.16,,24.100
1950-08-01,1.42,1.20,,24.300
1950-09-01,1.65,1.30,,24.400
1950-10-01,1.72,1.31,,24.600
1950-11-01,1.69,1.36,,24.700
1950-12-01,1.72,1.34,,25.000
1951-01-01,1.86,1.34,,25.400
1951-02-01,1.96,1.36,,25.700
1951-03-01,2.04,1.40,,25.800
1951-04-01,2.11,1.47,,25.800
1951-05-01,2.16,1.55,,25.900
1951-06-01,2.31,1.45,,25.900
1951-07-01,2.31,1.56,,25.900
1951-08-01,2.26,1.62,,25.900
1951-09-01,2.19,1.63,,26.100
1951-10-01,2.22,1.54,,26.200
1951-11-01,2.25,1.56,,26.400
1951-12-01,2.30,1.73,,26.500
1952-01-01,2.38,1.57,,26.500
1952-02-01,2.38,1.54,,26.300
1952-03-01,2.38,1.59,,26.300
1952-04-01,2.35,1.57,,26.400
1952-05-01,2.31,1.67,,26.400
1952-06-01,2.31,1.70,,26.500
1952-07-01,2.31,1.81,,26.700
1952-08-01,2.31,1.83,,26.700
1952-09-01,2.31,1.71,,26.700
1952-10-01,2.31,1.74,,26.700
1952-11-01,2.31,1.85,,26.700
1952-12-01,2.31,2.09,,26.700
1953-01-01,2.31,1.96,,26.600
1953-02-01,2.31,1.97,,26.500
1953-03-01,2.36,2.01,,26.600
1953-04-01,2.44,2.19,2.83,26.600
1953-05-01,2.67,2.16,3.05,26.700
1953-06-01,2.75,2.11,3.11,26.800
1953-07-01,2.75,2.04,2.93,26.800
1953-08-01,2.75,2.04,2.95,26.900
1953-09-01,2.74,1.79,2.87,26.900
1953-10-01,2.55,1.38,2.66,27.000
1953-11-01,2.31,1.44,2.68,26.900
1953-12-01,2.25,1.60,2.59,26.900
1954-01-01,2.11,1.18,2.48,26.900
1954-02-01,2.00,0.97,2.47,26.900
1954-03-01,2.00,1.03,2.37,26.900
1954-04-01,1.76,0.97,2.29,26.800
1954-05-01,1.58,0.76,2.37,26.900
1954-06-01,1.56,0.64,2.38,26.900
1954-07-01,1.45,0.72,2.30,26.900
1954-08-01,1.33,0.92,2.36,26.900
1954-09-01,1.31,1.01,2.38,26.800
1954-10-01,1.31,0.98,2.43,26.800
1954-11-01,1.31,0.93,2.48,26.800
1954-12-01,1.31,1.15,2.51,26.700
1955-01-01,1.47,1.22,2.61,26.700
1955-02-01,1.68,1.17,2.65,26.700
1955-03-01,1.69,1.28,2.68,26.700
1955-04-01,1.90,1.59,2.75,26.700
1955-05-01,2.00,1.45,2.76,26.700
1955-06-01,2.00,1.41,2.78,26.700
1955-07-01,2.11,1.60,2.90,26.800
1955-08-01,2.33,1.90,2.97,26.800
1955-09-01,2.54,2.07,2.97,26.900
1955-10-01,2.70,2.23,2.88,26.900
1955-11-01,2.81,2.24,2.89,26.900
1955-12-01,2.99,2.54,2.96,26.800
1956-01-01,3.00,2.41,2.90,26.800
1956-02-01,3.00,2.32,2.84,26.800
1956-03-01,3.00,2.25,2.96,26.800
1956-04-01,3.14,2.60,3.18,26.900
1956-05-01,3.27,2.61,3.07,27.000
1956-06-01,3.38,2.49,3.00,27.200
1956-07-01,3.27,2.31,3.11,27.400
1956-08-01,3.28,2.60,3.33,27.300
1956-09-01,3.50,2.84,3.38,27.400
1956-10-01,3.63,2.90,3.34,27.500
1956-11-01,3.63,2.99,3.49,27.500
1956-12-01,3.63,3.21,3.59,27.600
1957-01-01,3.63,3.11,3.46,27.600
1957-02-01,3.63,3.10,3.34,27.700
1957-03-01,3.63,3.08,3.41,27.800
1957-04-01,3.63,3.07,3.48,27.900
1957-05-01,3.63,3.06,3.60,28.000
1957-06-01,3.79,3.29,3.80,28.100
1957-07-01,3.88,3.16,3.93,28.300
1957-08-01,3.98,3.37,3.93,28.300
1957-09-01,4.00,3.53,3.92,28.300
1957-10-01,4.10,3.58,3.97,28.300
1957-11-01,4.07,3.31,3.72,28.400
1957-12-01,3.81,3.04,3.21,28.400
1958-01-01,3.49,2.44,3.09,28.600
1958-02-01,2.63,1.53,3.05,28.600
1958-03-01,2.33,1.30,2.98,28.800
1958-04-01,1.90,1.13,2.88,28.900
1958-05-01,1.71,0.91,2.92,28.900
1958-06-01,1.54,0.83,2.97,28.900
1958-07-01,1.50,0.91,3.20,29.000
1958-08-01,1.96,1.69,3.54,28.900
1958-09-01,2.93,2.44,3.76,28.900
1958-10-01,3.23,2.63,3.80,28.900
1958-11-01,3.08,2.67,3.74,29.000
1958-12-01,3.33,2.77,3.86,28.900
1959-01-01,3.30,2.82,4.02,29.000
1959-02-01,3.26,2.70,3.96,28.900
1959-03-01,3.35,2.80,3.99,28.900
1959-04-01,3.42,2.95,4.12,29.000
1959-05-01,3.56,2.84,4.31,29.000
1959-06-01,3.83,3.21,4.34,29.100
1959-07-01,3.98,3.20,4.40,29.200
1959-08-01,3.97,3.38,4.43,29.200
1959-09-01,4.63,4.04,4.68,29.300
1959-10-01,4.73,4.05,4.53,29.400
1959-11-01,4.67,4.15,4.53,29.400
1959-12-01,4.88,4.49,4.69,29.400
1960-01-01,4.91,4.35,4.72,29.300
1960-02-01,4.66,3.96,4.49,29.400
1960-03-01,4.49,3.31,4.25,29.400
1960-04-01,4.16,3.23,4.28,29.500
1960-05-01,4.25,3.29,4.35,29.500
1960-06-01,3.81,2.46,4.15,29.600
1960-07-01,3.39,2.30,3.90,29.600
1960-08-01,3.34,2.30,3.80,29.600
1960-09-01,3.39,2.48,3.80,29.600
1960-10-01,3.30,2.30,3.89,29.800
1960-11-01,3.28,2.37,3.93,29.800
1960-12-01,3.23,2.25,3.84,29.800
1961-01-01,2.98,2.24,3.84,29.800
1961-02-01,3.03,2.42,3.78,29.800
1961-03-01,3.03,2.39,3.74,29.800
1961-04-01,2.91,2.29,3.78,29.800
1961-05-01,2.76,2.29,3.71,29.800
1961-06-01,2.91,2.33,3.88,29.800
1961-07-01,2.72,2.24,3.92,30.000
1961-08-01,2.92,2.39,4.04,29.900
1961-09-01,3.05,2.28,3.98,30.000
1961-10-01,3.00,2.30,3.92,30.000
1961-11-01,2.98,2.48,3.94,30.000
1961-12-01,3.19,2.60,4.06,30.000
1962-01-01,3.26,2.72,4.08,30.000
1962-02-01,3.22,2.73,4.04,30.100
1962-03-01,3.25,2.72,3.93,30.100
1962-04-01,3.20,2.73,3.84,30.200
1962-05-01,3.16,2.69,3.87,30.200
1962-06-01,3.25,2.73,3.91,30.200
1962-07-01,3.36,2.92,4.01,30.300
1962-08-01,3.30,2.82,3.98,30.300
1962-09-01,3.34,2.78,3.98,30.400
1962-10-01,3.27,2.74,3.93,30.400
1962-11-01,3.23,2.83,3.92,30.400
1962-12-01,3.29,2.87,3.86,30.400
1963-01-01,3.34,2.91,3.83,30.400
1963-02-01,3.25,2.92,3.92,30.400
1963-03-01,3.34,2.89,3.93,30.500
1963-04-01,3.32,2.90,3.97,30.500
1963-05-01,3.25,2.93,3.93,30.500
1963-06-01,3.38,2.99,3.99,30.600
1963-07-01,3.49,3.18,4.02,30.700
1963-08-01,3.72,3.32,4.00,30.700
1963-09-01,3.88,3.38,4.08,30.700
1963-10-01,3.88,3.45,4.11,30.800
1963-11-01,3.88,3.52,4.12,30.800
1963-12-01,3.96,3.52,4.13,30.900
1964-01-01,3.97,3.52,4.17,30.900
1964-02-01,3.88,3.53,4.15,30.900
1964-03-01,4.00,3.54,4.22,30.900
1964-04-01,3.91,3.47,4.23,30.900
1964-05-01,3.89,3.48,4.20,30.900
1964-06-01,4.00,3.48,4.17,31.000
1964-07-01,3.96,3.46,4.19,31.100
1964-08-01,3.88,3.50,4.19,31.000
1964-09-01,3.89,3.53,4.20,31.100
1964-10-01,4.00,3.57,4.19,31.100
1964-11-01,4.02,3.64,4.15,31.200
1964-12-01,4.17,3.84,4.18,31.200
1965-01-01,4.25,3.81,4.19,31.200
1965-02-01,4.27,3.93,4.21,31.200
1965-03-01,4.38,3.93,4.21,31.300
1965-04-01,4.38,3.93,4.20,31.400
1965-05-01,4.38,3.89,4.21,31.400
1965-06-01,4.38,3.80,4.21,31.600
1965-07-01,4.38,3.84,4.20,31.600
1965-08-01,4.38,3.84,4.25,31.600
1965-09-01,4.38,3.92,4.29,31.600
1965-10-01,4.38,4.03,4.35,31.700
1965-11-01,4.38,4.09,4.45,31.700
1965-12-01,4.65,4.38,4.62,31.800
1966-01-01,4.82,4.59,4.61,31.800
1966-02-01,4.88,4.65,4.83,32.000
1966-03-01,5.21,4.59,4.87,32.100
1966-04-01,5.38,4.62,4.75,32.300
1966-05-01,5.39,4.64,4.78,32.300
1966-06-01,5.51,4.50,4.81,32.400
1966-07-01,5.63,4.80,5.02,32.500
1966-08-01,5.85,4.96,5.22,32.700
1966-09-01,5.89,5.37,5.18,32.700
1966-10-01,6.00,5.35,5.01,32.900
1966-11-01,6.00,5.32,5.16,32.900
1966-12-01,6.00,4.96,4.84,32.900
1967-01-01,5.73,4.72,4.58,32.900
1967-02-01,5.38,4.56,4.63,32.900
1967-03-01,5.24,4.26,4.54,33.000
1967-04-01,4.83,3.84,4.59,33.100
1967-05-01,4.67,3.60,4.85,33.200
1967-06-01,4.65,3.54,5.02,33.300
1967-07-01,4.92,4.21,5.16,33.400
1967-08-01,5.00,4.27,5.28,33.500
1967-09-01,5.00,4.42,5.30,33.600
1967-10-01,5.07,4.56,5.48,33.700
1967-11-01,5.28,4.73,5.75,33.800
1967-12-01,5.56,4.97,5.70,33.900
1968-01-01,5.60,5.00,5.53,34.100
1968-02-01,5.50,4.98,5.56,34.200
1968-03-01,5.64,5.17,5.74,34.300
1968-04-01,5.81,5.38,5.64,34.400
1968-05-01,6.18,5.66,5.87,34.500
1968-06-01,6.25,5.52,5.72,34.700
1968-07-01,6.19,5.31,5.50,34.900
1968-08-01,5.88,5.09,5.42,35.000
1968-09-01,5.82,5.19,5.46,35.100
1968-10-01,5.80,5.35,5.58,35.300
1968-11-01,5.92,5.45,5.70,35.400
1968-12-01,6.17,5.96,6.03,35.500
1969-01-01,6.53,6.14,6.04,35.600
1969-02-01,6.62,6.12,6.19,35.800
1969-03-01,6.82,6.02,6.30,36.100
1969-04-01,7.04,6.11,6.17,36.300
1969-05-01,7.35,6.04,6.32,36.400
1969-06-01,8.23,6.44,6.57,36.600
1969-07-01,8.65,7.00,6.72,36.800
1969-08-01,8.33,6.98,6.69,37.000
1969-09-01,8.48,7.09,7.16,37.100
1969-10-01,8.56,7.00,7.10,37.300
1969-11-01,8.46,7.24,7.14,37.500
1969-12-01,8.84,7.82,7.65,37.700
1970-01-01,8.78,7.87,7.79,37.800
1970-02-01,8.55,7.13,7.24,38.000
1970-03-01,8.33,6.63,7.07,38.200
1970-04-01,8.06,6.51,7.39,38.500
1970-05-01,8.23,6.84,7.91,38.600
1970-06-01,8.21,6.68,7.84,38.800
1970-07-01,8.29,6.45,7.46,39.000
1970-08-01,7.90,6.41,7.53,39.000
1970-09-01,7.32,6.12,7.39,39.200
1970-10-01,6.85,5.91,7.33,39.400
1970-11-01,6.30,5.28,6.84,39.600
1970-12-01,5.73,4.87,6.39,39.800
1971-01-01,5.11,4.44,6.24,39.800
1971-02-01,4.47,3.70,6.11,39.900
1971-03-01,4.19,3.38,5.70,40.000
1971-04-01,4.57,3.86,5.83,40.100
1971-05-01,5.10,4.14,6.39,40.300
1971-06-01,5.45,4.75,6.52,40.600
1971-07-01,5.75,5.40,6.73,40.700
1971-08-01,5.73,4.94,6.58,40.800
1971-09-01,5.75,4.69,6.14,40.800
1971-10-01,5.54,4.46,5.93,40.900
1971-11-01,4.92,4.22,5.81,40.900
1971-12-01,4.74,4.01,5.93,41.100
1972-01-01,,3.38,5.95,41.100
1972-02-01,,3.20,6.08,41.300
1972-03-01,,3.73,6.07,41.400
1972-04-01,,3.71,6.19,41.500
1972-05-01,,3.69,6.13,41.600
1972-06-01,,3.91,6.11,41.700
1972-07-01,,3.98,6.11,41.900
1972-08-01,,4.02,6.21,42.000
1972-09-01,,4.66,6.55,42.100
1972-10-01,,4.74,6.48,42.300
1972-11-01,,4.78,6.28,42.400
1972-12-01,,5.07,6.36,42.500
1973-01-01,,5.41,6.46,42.600
1973-02-01,,5.60,6.64,42.900
1973-03-01,,6.09,6.71,43.300
1973-04-01,,6.26,6.67,43.600
1973-05-01,,6.36,6.85,43.900
1973-06-01,,7.19,6.90,44.200
1973-07-01,,8.01,7.13,44.300
1973-08-01,,8.67,7.40,45.100
1973-09-01,,8.29,7.09,45.200
1973-10-01,,7.22,6.79,45.600
1973-11-01,,7.83,6.73,45.900
1973-12-01,,7.45,6.74,46.200
1974-01-01,,7.77,6.99,46.600
1974-02-01,,7.12,6.96,47.200
1974-03-01,,7.96,7.21,47.800
1974-04-01,,8.33,7.51,48.000
1974-05-01,,8.23,7.58,48.600
1974-06-01,,7.90,7.54,49.000
1974-07-01,,7.55,7.81,49.400
1974-08-01,,8.96,8.04,50.000
1974-09-01,,8.06,8.04,50.600
1974-10-01,,7.46,7.90,51.100
1974-11-01,,7.47,7.68,51.500
1974-12-01,,7.15,7.43,51.900
1975-01-01,,6.26,7.50,52.100
1975-02-01,,5.50,7.39,52.500
1975-03-01,,5.49,7.73,52.700
1975-04-01,,5.61,8.23,52.900
1975-05-01,,5.23,8.06,53.200
1975-06-01,,5.34,7.86,53.600
1975-07-01,,6.13,8.06,54.200
1975-08-01,,6.44,8.40,54.300
1975-09-01,,6.42,8.43,54.600
1975-10-01,,5.96,8.14,54.900
1975-11-01,,5.48,8.05,55.300
1975-12-01,,5.44,8.00,55.500
1976-01-01,,4.87,7.74,55.600
1976-02-01,,4.88,7.79,55.800
1976-03-01,,5.00,7.73,55.900
1976-04-01,,4.86,7.56,56.100
1976-05-01,,5.20,7.90,56.500
1976-06-01,,5.41,7.86,56.800
1976-07-01,,5.23,7.83,57.100
1976-08-01,,5.14,7.77,57.400
1976-09-01,,5.08,7.59,57.600
1976-10-01,,4.92,7.41,57.900
1976-11-01,,4.75,7.29,58.000
1976-12-01,,4.35,6.87,58.200
1977-01-01,,4.62,7.21,58.500
1977-02-01,,4.67,7.39,59.100
1977-03-01,,4.60,7.46,59.500
1977-04-01,,4.54,7.37,60.000
1977-05-01,,4.96,7.46,60.300
1977-06-01,,5.02,7.28,60.700
1977-07-01,,5.19,7.33,61.000
1977-08-01,,5.49,7.40,61.200
1977-09-01,,5.81,7.34,61.400
1977-10-01,,6.16,7.52,61.600
1977-11-01,,6.10,7.58,61.900
1977-12-01,,6.07,7.69,62.100
1978-01-01,,6.44,7.96,62.500
1978-02-01,,6.45,8.03,62.900
1978-03-01,,6.29,8.04,63.400
1978-04-01,,6.29,8.15,63.900
1978-05-01,,6.41,8.35,64.500
1978-06-01,,6.73,8.46,65.200
1978-07-01,,7.01,8.64,65.700
1978-08-01,,7.08,8.41,66.000
1978-09-01,,7.85,8.42,66.500
1978-10-01,,7.99,8.64,67.100
1978-11-01,,8.64,8.81,67.400
1978-12-01,,9.08,9.01,67.700
1979-01-01,,9.35,9.10,68.300
1979-02-01,,9.32,9.10,69.100
1979-03-01,,9.48,9.12,69.800
1979-04-01,,9.46,9.18,70.600
1979-05-01,,9.61,9.25,71.500
1979-06-01,,9.06,8.91,72.300
1979-07-01,,9.24,8.95,73.100
1979-08-01,,9.52,9.03,73.800
1979-09-01,,10.26,9.33,74.600
1979-10-01,,11.70,10.30,75.200
1979-11-01,,11.79,10.65,75.900
1979-12-01,,12.04,10.39,76.700
1980-01-01,,12.00,10.80,77.800
1980-02-01,,12.86,12.41,78.900
1980-03-01,,15.20,12.75,80.100
1980-04-01,,13.20,11.47,81.000
1980-05-01,,8.58,10.18,81.800
1980-06-01,,7.07,9.78,82.700
1980-07-01,,8.06,10.25,82.700
1980-08-01,,9.13,11.10,83.300
1980-09-01,,10.27,11.51,84.000
1980-10-01,,11.62,11.75,84.800
1980-11-01,,13.73,12.68,85.500
1980-12-01,,15.49,12.84,86.300
1981-01-01,,15.02,12.57,87.000
1981-02-01,,14.79,13.19,87.900
1981-03-01,,13.36,13.12,88.500
1981-04-01,,13.69,13.68,89.100
1981-05-01,,16.30,14.10,89.800
1981-06-01,,14.73,13.47,90.600
1981-07-01,,14.95,14.28,91.600
1981-08-01,,15.51,14.94,92.300
1981-09-01,,14.70,15.32,93.200
1981-10-01,,13.54,15.15,93.400
1981-11-01,,10.86,13.39,93.700
1981-12-01,,10.85,13.72,94.000
1982-01-01,,12.28,14.59,94.300
1982-02-01,,13.48,14.43,94.600
1982-03-01,,12.68,13.86,94.500
1982-04-01,,12.70,13.87,94.900
1982-05-01,,12.09,13.62,95.800
1982-06-01,,12.47,14.30,97.000
1982-07-01,,11.35,13.95,97.500
1982-08-01,,8.68,13.06,97.700
1982-09-01,,7.92,12.34,97.900
1982-10-01,,7.71,10.91,98.200
1982-11-01,,8.07,10.55,98.000
1982-12-01,,7.94,10.54,97.600
1983-01-01,,7.86,10.46,97.800
1983-02-01,,8.11,10.72,97.900
1983-03-01,,8.35,10.51,97.900
1983-04-01,,8.21,10.40,98.600
1983-05-01,,8.19,10.38,99.200
1983-06-01,,8.79,10.85,99.500
1983-07-01,,9.08,11.38,99.900
1983-08-01,,9.34,11.85,100.200
1983-09-01,,9.00,11.65,100.700
1983-10-01,,8.64,11.54,101.000
1983-11-01,,8.76,11.69,101.200
1983-12-01,,9.00,11.83,101.300
1984-01-01,,8.90,11.67,101.900
1984-02-01,,9.09,11.84,102.400
1984-03-01,,9.52,12.32,102.600
1984-04-01,,9.69,12.63,103.100
1984-05-01,,9.83,13.41,103.400
1984-06-01,,9.87,13.56,103.700
1984-07-01,,10.12,13.36,104.100
1984-08-01,,10.47,12.72,104.500
1984-09-01,,10.37,12.52,105.000
1984-10-01,,9.74,12.16,105.300
1984-11-01,,8.61,11.57,105.300
1984-12-01,,8.06,11.50,105.300
1985-01-01,,7.76,11.38,105.500
1985-02-01,,8.27,11.51,106.000
1985-03-01,,8.52,11.86,106.400
1985-04-01,,7.95,11.43,106.900
1985-05-01,,7.48,10.85,107.300
1985-06-01,,6.95,10.16,107.600
1985-07-01,,7.08,10.31,107.800
1985-08-01,,7.14,10.33,108.000
1985-09-01,,7.10,10.37,108.300
1985-10-01,,7.16,10.24,108.700
1985-11-01,,7.24,9.78,109.000
1985-12-01,,7.10,9.26,109.300
1986-01-01,,7.07,9.19,109.600
1986-02-01,,7.06,8.70,109.300
1986-03-01,,6.56,7.78,108.800
1986-04-01,,6.06,7.30,108.600
1986-05-01,,6.15,7.71,108.900
1986-06-01,,6.21,7.80,109.500
1986-07-01,,5.83,7.30,109.500
1986-08-01,,5.53,7.17,109.700
1986-09-01,,5.21,7.45,110.200
1986-10-01,,5.18,7.43,110.300
1986-11-01,,5.35,7.25,110.400
1986-12-01,,5.53,7.11,110.500
1987-01-01,,5.43,7.08,111.200
1987-02-01,,5.59,7.25,111.600
1987-03-01,,5.59,7.25,112.100
1987-04-01,,5.64,8.02,112.700
1987-05-01,,5.66,8.61,113.100
1987-06-01,,5.67,8.40,113.500
1987-07-01,,5.69,8.45,113.800
1987-08-01,,6.04,8.76,114.400
1987-09-01,,6.40,9.42,115.000
1987-10-01,,6.13,9.52,115.300
1987-11-01,,5.69,8.86,115.400
1987-12-01,,5.77,8.99,115.400
1988-01-01,,5.81,8.67,115.700
1988-02-01,,5.66,8.21,116.000
1988-03-01,,5.70,8.37,116.500
1988-04-01,,5.91,8.72,117.100
1988-05-01,,6.26,9.09,117.500
1988-06-01,,6.46,8.92,118.000
1988-07-01,,6.73,9.06,118.500
1988-08-01,,7.06,9.26,119.000
1988-09-01,,7.24,8.98,119.800
1988-10-01,,7.35,8.80,120.200
1988-11-01,,7.76,8.96,120.300
1988-12-01,,8.07,9.11,120.500
1989-01-01,,8.27,9.09,121.100
1989-02-01,,8.53,9.17,121.600
1989-03-01,,8.82,9.36,122.300
1989-04-01,,8.65,9.18,123.100
1989-05-01,,8.43,8.86,123.800
1989-06-01,,8.15,8.28,124.100
1989-07-01,,7.88,8.02,124.400
1989-08-01,,7.90,8.11,124.600
1989-09-01,,7.75,8.19,125.000
1989-10-01,,7.64,8.01,125.600
1989-11-01,,7.69,7.87,125.900
1989-12-01,,7.63,7.84,126.100
1990-01-01,,7.64,8.21,127.400
1990-02-01,,7.74,8.47,128.000
1990-03-01,,7.90,8.59,128.700
1990-04-01,,7.77,8.79,128.900
1990-05-01,,7.74,8.76,129.200
1990-06-01,,7.73,8.48,129.900
1990-07-01,,7.62,8.47,130.400
1990-08-01,,7.45,8.75,131.600
1990-09-01,,7.36,8.89,132.700
1990-10-01,,7.17,8.72,133.500
1990-11-01,,7.06,8.39,133.800
1990-12-01,,6.74,8.08,133.800
1991-01-01,,6.22,8.09,134.600
1991-02-01,,5.94,7.85,134.800
1991-03-01,,5.91,8.11,135.000
1991-04-01,,5.65,8.04,135.200
1991-05-01,,5.46,8.07,135.600
1991-06-01,,5.57,8.28,136.000
1991-07-01,,5.58,8.27,136.200
1991-08-01,,5.33,7.90,136.600
1991-09-01,,5.22,7.65,137.200
1991-10-01,,4.99,7.53,137.400
1991-11-01,,4.56,7.42,137.800
1991-12-01,,4.07,7.09,137.900
1992-01-01,,3.80,7.03,138.100
1992-02-01,,3.84,7.34,138.600
1992-03-01,,4.04,7.54,139.300
1992-04-01,,3.75,7.48,139.500
1992-05-01,,3.63,7.39,139.700
1992-06-01,,3.66,7.26,140.200
1992-07-01,,3.21,6.84,140.500
1992-08-01,,3.13,6.59,140.900
1992-09-01,,2.91,6.42,141.300
1992-10-01,,2.86,6.59,141.800
1992-11-01,,3.13,6.87,142.000
1992-12-01,,3.22,6.77,141.900
1993-01-01,,3.00,6.60,142.600
1993-02-01,,2.93,6.26,143.100
1993-03-01,,2.95,5.98,143.600
1993-04-01,,2.87,5.97,144.000
1993-05-01,,2.96,6.04,144.200
1993-06-01,,3.07,5.96,144.400
1993-07-01,,3.04,5.81,144.400
1993-08-01,,3.02,5.68,144.800
1993-09-01,,2.95,5.36,145.100
1993-10-01,,3.02,5.33,145.700
1993-11-01,,3.10,5.72,145.800
1993-12-01,,3.06,5.77,145.800
1994-01-01,,2.98,5.75,146.200
1994-02-01,,3.25,5.97,146.700
1994-03-01,,3.50,6.48,147.200
1994-04-01,,3.68,6.97,147.400
1994-05-01,,4.14,7.18,147.500
1994-06-01,,4.14,7.10,148.000
1994-07-01,,4.33,7.30,148.400
1994-08-01,,4.48,7.24,149.000
1994-09-01,,4.62,7.46,149.400
1994-10-01,,4.95,7.74,149.500
1994-11-01,,5.29,7.96,149.700
1994-12-01,,5.60,7.81,149.700
1995-01-01,,5.71,7.78,150.300
1995-02-01,,5.77,7.47,150.900
1995-03-01,,5.73,7.20,151.400
1995-04-01,,5.65,7.06,151.900
1995-05-01,,5.67,6.63,152.200
1995-06-01,,5.47,6.17,152.500
1995-07-01,,5.42,6.28,152.500
1995-08-01,,5.40,6.49,152.900
1995-09-01,,5.28,6.20,153.200
1995-10-01,,5.28,6.04,153.700
1995-11-01,,5.36,5.93,153.600
1995-12-01,,5.14,5.71,153.500
1996-01-01,,5.00,5.65,154.400
1996-02-01,,4.83,5.81,154.900
1996-03-01,,4.96,6.27,155.700
1996-04-01,,4.95,6.51,156.300
1996-05-01,,5.02,6.74,156.600
1996-06-01,,5.09,6.91,156.700
1996-07-01,,5.15,6.87,157.000
1996-08-01,,5.05,6.64,157.300
1996-09-01,,5.09,6.83,157.800
1996-10-01,,4.99,6.53,158.300
1996-11-01,,5.03,6.20,158.600
1996-12-01,,4.91,6.30,158.600
1997-01-01,,5.03,6.58,159.100
1997-02-01,,5.01,6.42,159.600
1997-03-01,,5.14,6.69,160.000
1997-04-01,,5.16,6.89,160.200
1997-05-01,,5.05,6.71,160.100
1997-06-01,,4.93,6.49,160.300
1997-07-01,,5.05,6.22,160.500
1997-08-01,,5.14,6.30,160.800
1997-09-01,,4.95,6.21,161.200
1997-10-01,,4.97,6.03,161.600
1997-11-01,,5.14,5.88,161.500
1997-12-01,,5.16,5.81,161.300
1998-01-01,,5.04,5.54,161.600
1998-02-01,,5.09,5.57,161.900
1998-03-01,,5.03,5.65,162.200
1998-04-01,,4.95,5.64,162.500
1998-05-01,,5.00,5.65,162.800
1998-06-01,,4.98,5.50,163.000
1998-07-01,,4.96,5.46,163.200
1998-08-01,,4.90,5.34,163.400
1998-09-01,,4.61,4.81,163.600
1998-10-01,,3.96,4.53,164.000
1998-11-01,,4.41,4.83,164.000
1998-12-01,,4.39,4.65,163.900
1999-01-01,,4.34,4.72,164.300
1999-02-01,,4.44,5.00,164.500
1999-03-01,,4.44,5.23,165.000
1999-04-01,,4.29,5.18,166.200
1999-05-01,,4.50,5.54,166.200
1999-06-01,,4.57,5.90,166.200
1999-07-01,,4.55,5.79,166.700
1999-08-01,,4.72,5.94,167.100
1999-09-01,,4.68,5.92,167.900
1999-10-01,,4.86,6.11,168.200
1999-11-01,,5.07,6.03,168.300
1999-12-01,,5.20,6.28,168.300
2000-01-01,,5.32,6.66,168.800
2000-02-01,,5.55,6.52,169.800
2000-03-01,,5.69,6.26,171.200
2000-04-01,,5.66,5.99,171.300
2000-05-01,,5.79,6.44,171.500
2000-06-01,,5.69,6.10,172.400
2000-07-01,,5.96,6.05,172.800
2000-08-01,,6.09,5.83,172.800
2000-09-01,,6.00,5.80,173.700
2000-10-01,,6.11,5.74,174.000
2000-11-01,,6.17,5.72,174.100
2000-12-01,,5.77,5.24,174.000
2001-01-01,,5.15,5.16,175.100
2001-02-01,,4.88,5.10,175.800
2001-03-01,,4.42,4.89,176.200
2001-04-01,,3.87,5.14,176.900
2001-05-01,,3.62,5.39,177.700
2001-06-01,,3.49,5.28,178.000
2001-07-01,,3.51,5.24,177.500
2001-08-01,,3.36,4.97,177.500
2001-09-01,,2.64,4.73,178.300
2001-10-01,,2.16,4.57,177.700
2001-11-01,,1.87,4.65,177.400
2001-12-01,,1.69,5.09,176.700
2002-01-01,,1.65,5.04,177.100
2002-02-01,,1.72,4.91,177.800
2002-03-01,,1.79,5.28,178.800
2002-04-01,,1.71,5.21,179.800
2002-05-01,,1.73,5.16,179.800
2002-06-01,,1.70,4.93,179.900
2002-07-01,,1.68,4.65,180.100
2002-08-01,,1.62,4.26,180.700
2002-09-01,,1.63,3.87,181.000
2002-10-01,,1.58,3.94,181.300
2002-11-01,,1.23,4.05,181.300
2002-12-01,,1.19,4.03,180.900
2003-01-01,,1.17,4.05,181.700
2003-02-01,,1.17,3.90,183.100
2003-03-01,,1.13,3.81,184.200
2003-04-01,,1.13,3.96,183.800
2003-05-01,,1.07,3.57,183.500
2003-06-01,,0.92,3.33,183.700
2003-07-01,,0.90,3.98,183.900
2003-08-01,,0.95,4.45,184.600
2003-09-01,,0.94,4.27,185.200
2003-10-01,,0.92,4.29,185.000
2003-11-01,,0.93,4.30,184.500
2003-12-01,,0.90,4.27,184.300
2004-01-01,,0.88,4.15,185.200
2004-02-01,,0.93,4.08,186.200
2004-03-01,,0.94,3.83,187.400
2004-04-01,,0.94,4.35,188.000
2004-05-01,,1.02,4.72,189.100
2004-06-01,,1.27,4.73,189.700
2004-07-01,,1.33,4.50,189.400
2004-08-01,,1.48,4.28,189.500
2004-09-01,,1.65,4.13,189.900
2004-10-01,,1.76,4.10,190.900
2004-11-01,,2.07,4.19,191.000
2004-12-01,,2.19,4.23,190.300
2005-01-01,,2.33,4.22,190.700
2005-02-01,,2.54,4.17,191.800
2005-03-01,,2.74,4.50,193.300
2005-04-01,,2.78,4.34,194.600
2005-05-01,,2.84,4.14,194.400
2005-06-01,,2.97,4.00,194.500
2005-07-01,,3.22,4.18,195.400
2005-08-01,,3.44,4.26,196.400
2005-09-01,,3.42,4.20,198.800
2005-10-01,,3.71,4.46,199.200
2005-11-01,,3.88,4.54,197.600
2005-12-01,,3.89,4.47,196.800
2006-01-01,,4.24,4.42,198.300
2006-02-01,,4.43,4.57,198.700
2006-03-01,,4.51,4.72,199.800
2006-04-01,,4.60,4.99,201.500
2006-05-01,,4.72,5.11,202.500
2006-06-01,,4.79,5.11,202.900
2006-07-01,,4.95,5.09,203.500
2006-08-01,,4.96,4.88,203.900
2006-09-01,,4.81,4.72,202.900
2006-10-01,,4.92,4.73,201.800
2006-11-01,,4.94,4.60,201.500
2006-12-01,,4.85,4.56,201.800
2007-01-01,,4.98,4.76,202.416
2007-02-01,,5.03,4.72,203.499
2007-03-01,,4.94,4.56,205.352
2007-04-01,,4.87,4.69,206.686
2007-05-01,,4.73,4.75,207.949
2007-06-01,,4.61,5.10,208.352
2007-07-01,,4.82,5.00,208.299
2007-08-01,,4.20,4.67,207.917
2007-09-01,,3.89,4.52,208.490
2007-10-01,,3.90,4.53,208.936
2007-11-01,,3.27,4.15,210.177
2007-12-01,,3.00,4.10,210.036
2008-01-01,,2.75,3.74,211.080
2008-02-01,,2.12,3.74,211.693
2008-03-01,,1.26,3.51,213.528
2008-04-01,,1.29,3.68,214.823
2008-05-01,,1.73,3.88,216.632
2008-06-01,,1.86,4.10,218.815
2008-07-01,,1.63,4.01,219.964
2008-08-01,,1.72,3.89,219.086
2008-09-01,,1.13,3.69,218.783
2008-10-01,,0.67,3.81,216.573
2008-11-01,,0.19,3.53,212.425
2008-12-01,,0.03,2.42,210.228
2009-01-01,,0.13,2.52,211.143
2009-02-01,,0.30,2.87,212.193
2009-03-01,,0.21,2.82,212.709
2009-04-01,,0.16,2.93,213.240
2009-05-01,,0.18,3.29,213.856
2009-06-01,,0.18,3.72,215.693
2009-07-01,,0.18,3.56,215.351
2009-08-01,,0.17,3.59,215.834
2009-09-01,,0.12,3.40,215.969
2009-10-01,,0.07,3.39,216.177
2009-11-01,,0.05,3.40,216.330
2009-12-01,,0.05,3.59,215.949
2010-01-01,,0.06,3.73,216.687
2010-02-01,,0.11,3.69,216.741
2010-03-01,,0.15,3.73,217.631
2010-04-01,,0.16,3.85,218.009
2010-05-01,,0.16,3.42,218.178
2010-06-01,,0.12,3.20,217.965
2010-07-01,,0.16,3.01,218.011
2010-08-01,,0.16,2.70,218.312
2010-09-01,,0.15,2.65,218.439
2010-10-01,,0.13,2.54,218.711
2010-11-01,,0.14,2.76,218.803
2010-12-01,,0.14,3.29,219.179
2011-01-01,,0.15,3.39,220.223
2011-02-01,,0.13,3.58,221.309
2011-03-01,,0.10,3.41,223.467
2011-04-01,,0.06,3.46,224.906
2011-05-01,,0.04,3.17,225.964
2011-06-01,,0.04,3.00,225.722
2011-07-01,,0.04,3.00,225.922
2011-08-01,,0.02,2.30,226.545
2011-09-01,,0.01,1.98,226.889
2011-10-01,,0.02,2.15,226.421
2011-11-01,,0.01,2.01,226.230
2011-12-01,,0.01,1.98,225.672
2012-01-01,,0.03,1.97,226.665
2012-02-01,,0.09,1.97,227.663
2012-03-01,,0.08,2.17,229.392
2012-04-01,,0.08,2.05,230.085
2012-05-01,,0.09,1.80,229.815
2012-06-01,,0.09,1.62,229.478
2012-07-01,,0.10,1.53,229.104
2012-08-01,,0.10,1.68,230.379
2012-09-01,,0.11,1.72,231.407
2012-10-01,,0.10,1.75,231.317
2012-11-01,,0.09,1.65,230.221
2012-12-01,,0.07,1.72,229.601
2013-01-01,,0.07,1.91,230.280
2013-02-01,,0.10,1.98,232.166
2013-03-01,,0.09,1.96,232.773
2013-04-01,,0.06,1.76,232.531
2013-05-01,,0.04,1.93,232.945
2013-06-01,,0.05,2.30,233.504
2013-07-01,,0.04,2.58,233.596
2013-08-01,,0.04,2.74,233.877
2013-09-01,,0.02,2.81,234.149
2013-10-01,,0.05,2.62,233.546
2013-11-01,,0.07,2.72,233.069
2013-12-01,,0.07,2.90,233.049
2014-01-01,,0.04,2.86,233.916
2014-02-01,,0.05,2.71,234.781
2014-03-01,,0.05,2.72,236.293
2014-04-01,,0.03,2.71,237.072
2014-05-01,,0.03,2.56,237.900
2014-06-01,,0.04,2.60,238.343
2014-07-01,,0.03,2.54,238.250
2014-08-01,,0.03,2.42,237.852
2014-09-01,,0.02,2.53,238.031
2014-10-01,,0.02,2.30,237.433
2014-11-01,,0.02,2.33,236.151
2014-12-01,,0.03,2.21,234.812
2015-01-01,,0.03,1.88,233.707
2015-02-01,,0.02,1.98,234.722
2015-03-01,,0.03,2.04,236.119
2015-04-01,,0.02,1.94,236.599
2015-05-01,,0.02,2.20,237.805
2015-06-01,,0.02,2.36,238.638
2015-07-01,,0.03,2.32,238.654
2015-08-01,,0.07,2.17,238.316
2015-09-01,,0.02,2.17,237.945
2015-10-01,,0.02,2.07,237.838
2015-11-01,,0.12,2.26,237.336
2015-12-01,,0.23,2.24,236.525
2016-01-01,,0.26,2.09,236.916
2016-02-01,,0.31,1.78,237.111
2016-03-01,,0.29,1.89,238.132
2016-04-01,,0.23,1.81,239.261
2016-05-01,,0.27,1.81,240.229
2016-06-01,,0.27,1.64,241.018
2016-07-01,,0.30,1.50,240.628
2016-08-01,,0.30,1.56,240.849
2016-09-01,,0.29,1.63,241.428
2016-10-01,,0.33,1.76,241.729
2016-11-01,,0.45,2.14,241.353
2016-12-01,,0.51,2.49,241.432
2017-01-01,,0.51,2.43,242.839
2017-02-01,,0.52,2.42,243.603
2017-03-01,,0.74,2.48,243.801
2017-04-01,,0.80,2.30,244.524
2017-05-01,,0.89,2.30,244.733
2017-06-01,,0.98,2.19,244.955
2017-07-01,,1.07,2.32,244.786
2017-08-01,,1.01,2.21,245.519
2017-09-01,,1.03,2.20,246.819
2017-10-01,,1.07,2.36,246.663
2017-11-01,,1.23,2.35,246.669
2017-12-01,,1.32,2.40,246.524
2018-01-01,,1.41,2.58,247.867
2018-02-01,,1.57,2.86,248.991
2018-03-01,,1.70,2.84,249.554
2018-04-01,,1.76,2.87,250.546
2018-05-01,,1.86,2.98,251.588
2018-06-01,,1.90,2.91,251.989
2018-07-01,,1.96,2.89,252.006
2018-08-01,,2.03,2.89,252.146
2018-09-01,,2.13,3.00,252.439
2018-10-01,,2.25,3.15,252.885
2018-11-01,,2.33,3.12,252.038
2018-12-01,,2.37,2.83,251.233
2019-01-01,,2.37,2.71,251.712
2019-02-01,,2.39,2.68,252.776
2019-03-01,,2.40,2.57,254.202
2019-04-01,,2.38,2.53,255.548
2019-05-01,,2.35,2.40,256.092
2019-06-01,,2.17,2.07,256.143
2019-07-01,,2.10,2.06,256.571
2019-08-01,,1.95,1.63,256.558
2019-09-01,,1.89,1.70,256.759
2019-10-01,,1.65,1.71,257.346
2019-11-01,,1.54,1.81,257.208
2019-12-01,,1.54,1.86,256.974
2020-01-01,,1.52,1.76,257.971
2020-02-01,,1.52,1.50,258.678
2020-03-01,,0.29,0.87,258.115
2020-04-01,,0.14,0.66,256.389
2020-05-01,,0.13,0.67,256.394
2020-06-01,,0.16,0.73,257.797
2020-07-01,,0.13,0.62,259.101
2020-08-01,,0.10,0.65,259.918
2020-09-01,,0.11,0.68,260.280
2020-10-01,,0.10,0.79,260.388
2020-11-01,,0.09,0.87,260.229
2020-12-01,,0.09,0.93,260.474
2021-01-01,,0.08,1.08,261.582
2021-02-01,,0.04,1.26,263.014
2021-03-01,,0.03,1.61,264.877
2021-04-01,,0.02,1.64,267.054
2021-05-01,,0.02,1.62,269.195
2021-06-01,,0.04,1.52,271.696
2021-07-01,,0.05,1.32,273.003
2021-08-01,,0.05,1.28,273.567
2021-09-01,,0.04,1.37,274.310
2021-10-01,,0.05,1.58,276.589
2021-11-01,,0.05,1.56,277.948
2021-12-01,,0.06,1.47,278.802
2022-01-01,,0.15,1.76,281.148
2022-02-01,,0.33,1.93,283.716
2022-03-01,,0.44,2.13,287.504
2022-04-01,,0.76,2.75,289.109
2022-05-01,,0.98,2.90,292.296
2022-06-01,,1.49,3.14,296.311
2022-07-01,,2.23,2.90,296.276
2022-08-01,,2.63,2.90,296.171
2022-09-01,,3.13,3.52,296.808
2022-10-01,,3.72,3.98,298.012
2022-11-01,,4.15,3.89,297.711
2022-12-01,,4.25,3.62,296.797
2023-01-01,,4.54,3.53,299.170
2023-02-01,,4.65,3.75,300.840
2023-03-01,,4.69,3.66,301.836
2023-04-01,,4.92,3.46,303.363
2023-05-01,,5.14,3.57,304.127
2023-06-01,,5.16,3.75,305.109
2023-07-01,,5.25,3.90,305.691
2023-08-01,,5.30,4.17,307.026
2023-09-01,,5.32,4.38,307.789
2023-10-01,,5.34,4.80,307.671
2023-11-01,,5.27,4.50,307.051
2023-12-01,,5.24,4.02,306.746
2024-01-01,,5.22,4.06,308.417
2024-02-01,,5.24,4.21,310.326
2024-03-01,,5.24,4.21,312.332
2024-04-01,,5.24,4.54,313.548
2024-05-01,,5.25,4.48,314.069
2024-06-01,,5.24,4.31,314.175
2024-07-01,,5.20,4.25,314.540
2024-08-01,,5.05,3.87,314.796
2024-09-01,,4.72,3.72,315.301
2024-10-01,,4.51,4.10,315.664
2024-11-01,,4.42,4.36,315.493
2024-12-01,,4.27,4.39,315.605
2025-01-01,,4.21,4.63,317.671
2025-02-01,,4.22,4.45,319.082
2025-03-01,,4.20,4.28,319.799
2025-04-01,,4.21,4.28,320.795
2025-05-01,,4.25,4.42,321.465
2025-06-01,,4.23,4.38,322.561
2025-07-01,,4.25,4.39,323.048
2025-08-01,,4.12,4.26,323.976
2025-09-01,,3.92,4.12,324.800
2025-10-01,,3.82,4.06,
2025-11-01,,3.78,4.09,324.122
2025-12-01,,3.59,4.14,324.054
2026-01-01,,3.57,4.21,325.252
2026-02-01,,3.60,4.13,326.785
2026-03-01,,3.61,4.25,330.213
2026-04-01,,3.61,4.32,333.020
2026-05-01,,3.60,4.48,335.123
2026-06-01,,3.66,4.47,
